realname,username,health_workerID,password
Stephanie Larson,hbs695,613,7c921d97c0053340ba1a0ced746f10fa
Shana Wilde,avg889,654,707c52117ffe42d586d278f1f8436431
Ryder Rudd,nyk899,666,8aba98c3f1724b7e4b539a4e7ba4d622
Tessa Shepard,ahc607,651,01e9c4ea291847f4a12beca38c3acfbc
Gurveer Zavala,bez631,608,b799771bd062423a868f947117274e0e
Parris Mccallum,yaa426,658,a3f6d12e5f44b9c26334bdc1ade27476
Lillie-May Goddard,ceo419,602,a7df119459e5478d4474c910c411d797
Ella-Grace Pugh,hqt628,642,2882b598e6624d42d33498d5cfd25bd5
Ameen Markham,waw871,630,4a12855fbca1bdae690c54d75f59a572
Aariz Shea,dab706,657,43d566d4bf0ebbfe76ed12634738a43d
